-- Dumping database structure for ticketor
CREATE DATABASE IF NOT EXISTS `ticketor` /*!40100 DEFAULT CHARACTER SET latin1 */;
USE `ticketor`;


-- Dumping structure for table ticketor.administrator
CREATE TABLE IF NOT EXISTS `administrator` (
  `id` int(11) NOT NULL auto_increment,
  `user_name` varchar(500) NOT NULL,
  `password` varchar(500) NOT NULL,
  `first_name` varchar(150) NOT NULL,
  `last_name` varchar(150) NOT NULL,
  `email` varchar(500) NOT NULL,
  `mobile_no` varchar(20) default NULL,
  `address1` varchar(900) NOT NULL,
  `address2` varchar(900) default NULL,
  `country_id` int(11) NOT NULL,
  `state_id` int(11) NOT NULL,
  `city_id` int(11) NOT NULL,
  `enabled` bit(1) NOT NULL default '',
  PRIMARY KEY  (`id`),
  UNIQUE KEY `user_name` (`user_name`),
  KEY `FK1_administrator__country` (`country_id`),
  KEY `FK2_administrator__state` (`state_id`),
  KEY `FK3_administrator__city` (`city_id`),
  CONSTRAINT `FK1_administrator__country` FOREIGN KEY (`country_id`) REFERENCES `country` (`id`),
  CONSTRAINT `FK2_administrator__state` FOREIGN KEY (`state_id`) REFERENCES `state` (`id`),
  CONSTRAINT `FK3_administrator__city` FOREIGN KEY (`city_id`) REFERENCES `city` (`id`)
) ENGINE=InnoDB DEFAULT CHARSET=latin1;

-- Dumping data for table ticketor.administrator: ~1 rows (approximately)
/*!40000 ALTER TABLE `administrator` DISABLE KEYS */;
INSERT INTO `administrator` (`id`, `user_name`, `password`, `first_name`, `last_name`, `email`, `mobile_no`, `address1`, `address2`, `country_id`, `state_id`, `city_id`, `enabled`) VALUES
	(1, 'admin', '$2a$11$nXYruzKaHMAB4Bf20In.ierrW5YopRUXztNrtXFdVP7KgJ1RnBf0y', 'admin', 'ticketor', 'admin@ticketor.com', '9963698512', 'Sector-15', NULL, 1, 19, 1010, b'1');
/*!40000 ALTER TABLE `administrator` ENABLE KEYS */;


-- Dumping structure for table ticketor.admin_role
CREATE TABLE IF NOT EXISTS `admin_role` (
  `id` int(11) NOT NULL auto_increment,
  `role` varchar(150) NOT NULL,
  `description` varchar(900) default NULL,
  `admin_id` int(11) NOT NULL,
  PRIMARY KEY  (`id`),
  KEY `FK1_admin_role__administrator` (`admin_id`),
  CONSTRAINT `FK1_admin_role__administrator` FOREIGN KEY (`admin_id`) REFERENCES `administrator` (`id`)
) ENGINE=InnoDB DEFAULT CHARSET=latin1;

-- Dumping data for table ticketor.admin_role: ~1 rows (approximately)
/*!40000 ALTER TABLE `admin_role` DISABLE KEYS */;
INSERT INTO `admin_role` (`id`, `role`, `description`, `admin_id`) VALUES
	(1, 'admin_role', 'admin user', 1);
/*!40000 ALTER TABLE `admin_role` ENABLE KEYS */;


-- Dumping structure for table ticketor.city
CREATE TABLE IF NOT EXISTS `city` (
  `id` int(11) NOT NULL auto_increment,
  `name` varchar(100) NOT NULL,
  `cid` int(11) NOT NULL,
  `sid` int(11) NOT NULL,
  `enabled` tinyint(1) default NULL,
  PRIMARY KEY  (`id`),
  KEY `fk_country_id2` (`cid`),
  KEY `fk_state_id2` (`sid`),
  CONSTRAINT `FK_city__country` FOREIGN KEY (`cid`) REFERENCES `country` (`id`),
  CONSTRAINT `FK_city__state` FOREIGN KEY (`sid`) REFERENCES `state` (`id`)
) ENGINE=InnoDB DEFAULT CHARSET=utf8;

-- Dumping data for table ticketor.city: ~219 rows (approximately)
/*!40000 ALTER TABLE `city` DISABLE KEYS */;
INSERT INTO `city` (`id`, `name`, `cid`, `sid`, `enabled`) VALUES
	(1, 'Banderilla', 1, 30, 1),
	(653, 'Aguascalientes', 1, 1, 1),
	(654, 'El Llano', 1, 1, 1),
	(655, 'San Francisco de los Romo', 1, 1, 1),
	(656, 'Rincón de Romos', 1, 1, 1),
	(657, 'Cos¡o', 1, 1, 1),
	(658, 'Tepezal', 1, 1, 1),
	(659, 'Pabellón de Arteaga', 1, 1, 1),
	(660, 'Asientos', 1, 1, 1),
	(661, 'Calvillo', 1, 1, 1),
	(662, 'Jesús María', 1, 1, 1),
	(663, 'Mexicali', 1, 2, 1),
	(664, 'Tecate', 1, 2, 1),
	(665, 'San Felipe', 1, 2, 1),
	(666, 'Tijuana', 1, 2, 1),
	(667, 'Playas de Rosarito', 1, 2, 1),
	(668, 'Rodolfo S nchez T. (Maneadero)', 1, 2, 1),
	(669, 'Ensenada', 1, 2, 1),
	(670, 'La Paz', 1, 3, 1),
	(671, 'Todos Santos', 1, 3, 1),
	(672, 'San José del Cabo', 1, 3, 1),
	(673, 'Cabo San Lucas', 1, 3, 1),
	(674, 'Ciudad Constitución', 1, 3, 1),
	(675, 'Puerto Adolfo López Mateos', 1, 3, 1),
	(676, 'Loreto', 1, 3, 1),
	(677, 'Heroica Mulegé', 1, 3, 1),
	(678, 'Santa Rosal¡a', 1, 3, 1),
	(679, 'San Ignacio', 1, 3, 1),
	(680, 'Villa Alberto Andr‚s Alvarado Ar mburo', 1, 3, 1),
	(681, 'Guerrero Negro', 1, 3, 1),
	(682, 'San Francisco de Campeche', 1, 4, 1),
	(683, 'Ciudad del Carmen', 1, 4, 1),
	(684, 'Sabancuy', 1, 4, 1),
	(685, 'Candelaria', 1, 4, 1),
	(686, 'Esc rcega', 1, 4, 1),
	(687, 'Champot¢n', 1, 4, 1),
	(688, 'Hopelch‚n', 1, 4, 1),
	(689, 'Hecelchak n', 1, 4, 1),
	(690, 'Pomuch', 1, 4, 1),
	(691, 'Calkini', 1, 4, 1),
	(692, 'Saltillo', 1, 5, 1),
	(693, 'Arteaga', 1, 5, 1),
	(694, 'San Buenaventura', 1, 5, 1),
	(695, 'Frontera', 1, 5, 1),
	(696, 'Monclova', 1, 5, 1),
	(697, 'Casta¤os', 1, 5, 1),
	(698, 'Ramos Arizpe', 1, 5, 1),
	(699, 'Piedras Negras', 1, 5, 1),
	(700, 'Nava', 1, 5, 1),
	(701, 'Ciudad Acu¤a', 1, 5, 1),
	(702, 'Ciudad Melchor M£zquiz', 1, 5, 1),
	(703, 'Zaragoza', 1, 5, 1),
	(704, 'Morelos', 1, 5, 1),
	(705, 'Allende', 1, 5, 1),
	(706, 'Sabinas', 1, 5, 1),
	(707, 'Nueva Rosita', 1, 5, 1),
	(708, 'Torre¢n', 1, 5, 1),
	(709, 'Matamoros', 1, 5, 1),
	(710, 'Viesca', 1, 5, 1),
	(711, 'Nadadores', 1, 5, 1),
	(712, 'Cuatro Ci‚negas de Carranza', 1, 5, 1),
	(713, 'San Pedro', 1, 5, 1),
	(714, 'Francisco I. Madero (Ch vez)', 1, 5, 1),
	(715, 'Parras de la Fuente', 1, 5, 1),
	(716, 'Colima', 1, 6, 1),
	(717, 'Tecoman', 1, 6, 1),
	(718, 'Manzanillo', 1, 6, 1),
	(719, 'Ciudad de Armer¡a', 1, 6, 1),
	(720, 'Ciudad de Villa de Alvarez', 1, 6, 1),
	(721, 'Tuxtla Guti‚rrez', 1, 7, 1),
	(722, 'Ocozocoautla de Espinosa', 1, 7, 1),
	(723, 'Chiapa de Corzo', 1, 7, 1),
	(724, 'San Crist¢bal de las Casas', 1, 7, 1),
	(725, 'Acala', 1, 7, 1),
	(726, 'Reforma', 1, 7, 1),
	(727, 'Pichucalco', 1, 7, 1),
	(728, 'Ocosingo', 1, 7, 1),
	(729, 'Palenque', 1, 7, 1),
	(745, 'Motozintla de Mendoza', 1, 7, 1),
	(746, 'Chihuahua', 1, 8, 1),
	(747, 'Cuauht‚moc', 1, 8, 1),
	(748, 'Colonia An huac', 1, 8, 1),
	(749, 'Bach¡niva', 1, 8, 1),
	(750, 'Nuevo Casas Grandes', 1, 8, 1),
	(760, 'Ciudad de Mexico', 1, 9, 1),
	(761, 'Victoria de Durango', 1, 10, 1),
	(762, 'Canatl n', 1, 10, 1),
	(763, 'San Juan del R¡o del Centauro del Norte', 1, 10, 1),
	(764, 'Santiago Papasquiaro', 1, 10, 1),
	(773, 'Guanajuato', 1, 11, 1),
	(774, 'Silao', 1, 11, 1),
	(775, 'Romita', 1, 11, 1),
	(776, 'Marfil', 1, 11, 1),
	(813, 'Ocotito', 1, 12, 1),
	(814, 'Tixtla de Guerrero', 1, 12, 1),
	(815, 'Ayutla de los Libres', 1, 12, 1),
	(816, 'Acapulco de Ju rez', 1, 12, 1),
	(817, 'Tierra Colorada', 1, 12, 1),
	(854, 'Zimapan', 1, 13, 1),
	(855, 'Actopan', 1, 13, 1),
	(856, 'Tula de Allende', 1, 13, 1),
	(867, 'Guadalajara', 1, 14, 1),
	(868, 'Zapopan', 1, 14, 1),
	(869, 'Tala', 1, 14, 1),
	(870, 'Tonal ', 1, 14, 1),
	(947, 'Texcoco de Mora', 1, 15, 1),
	(948, 'Chiconcuac', 1, 15, 1),
	(949, 'Chimalhuac n', 1, 15, 1),
	(982, 'Nueva Italia de Ruiz', 1, 16, 1),
	(983, 'Huetamo de N£¤ez', 1, 16, 1),
	(984, 'Cuernavaca', 1, 17, 1),
	(985, 'Puente de Ixtla', 1, 17, 1),
	(986, 'Cuautla (Cuautla de Morelos)', 1, 17, 1),
	(987, 'Santa Rosa Treinta', 1, 17, 1),
	(992, 'Tepic', 1, 18, 1),
	(993, 'Tuxpan', 1, 18, 1),
	(994, 'Santiago Ixcuintla', 1, 18, 1),
	(995, 'Acaponeta', 1, 18, 1),
	(996, 'Tecuala', 1, 18, 1),
	(997, 'Francisco I. Madero (Puga)', 1, 18, 1),
	(1010, 'Monterrey', 1, 19, 1),
	(1011, 'An huac', 1, 19, 1),
	(1012, 'Ciudad Sabinas Hidalgo', 1, 19, 1),
	(1013, 'Ci‚nega de Flores', 1, 19, 1),
	(1014, 'Garc¡a', 1, 19, 1),
	(1015, 'Ciudad General Escobedo', 1, 19, 1),
	(1016, 'Ciudad Santa Catarina', 1, 19, 1),
	(1034, 'Loma Bonita', 1, 20, 1),
	(1035, 'Cosolapa', 1, 20, 1),
	(1036, 'Vicente Camalote', 1, 20, 1),
	(1037, 'San Felipe Jalapa de D¡az', 1, 20, 1),
	(1090, 'San Andr‚s Cholula', 1, 21, 1),
	(1091, 'Amozoc', 1, 21, 1),
	(1092, 'Xicotepec', 1, 21, 1),
	(1093, 'Huauchinango', 1, 21, 1),
	(1094, 'Zacatl n', 1, 21, 1),
	(1095, 'Teziutlan', 1, 21, 1),
	(1104, 'Quer‚taro', 1, 22, 1),
	(1105, 'San Juan del Rio', 1, 22, 1),
	(1106, 'El Pueblito', 1, 22, 1),
	(1107, 'Chetumal', 1, 23, 1),
	(1108, 'Felipe Carrillo Puerto', 1, 23, 1),
	(1109, 'Kantunilk¡n', 1, 23, 1),
	(1110, 'Isla Mujeres', 1, 23, 1),
	(1111, 'Canc£n', 1, 23, 1),
	(1128, 'Villa de Reyes', 1, 24, 1),
	(1129, 'Santa Mar¡a del R¡o', 1, 24, 1),
	(1130, 'Tierra Nueva', 1, 24, 1),
	(1131, 'Rioverde', 1, 24, 1),
	(1153, 'Mazatl n', 1, 25, 1),
	(1154, 'Villa Uni¢n', 1, 25, 1),
	(1155, 'Escuinapa de Hidalgo', 1, 25, 1),
	(1156, 'La Cruz', 1, 25, 1),
	(1157, 'El rosario', 1, 25, 1),
	(1158, 'San Ignacio', 1, 25, 1),
	(1159, 'Hermosillo', 1, 26, 1),
	(1160, 'San Luis R¡o Colorado', 1, 26, 1),
	(1161, 'Puerto Pe¤asco', 1, 26, 1),
	(1169, 'Empalme', 1, 26, 1),
	(1170, 'Heroica Guaymas', 1, 26, 1),
	(1171, 'Navojoa', 1, 26, 1),
	(1172, 'Huatabampo', 1, 26, 1),
	(1173, 'Villahermosa', 1, 27, 1),
	(1184, 'Emiliano Zapata', 1, 27, 1),
	(1185, 'Ciudad Victoria', 1, 28, 1),
	(1186, 'Heroica Matamoros', 1, 28, 1),
	(1207, 'Calpulalpan', 1, 29, 1),
	(1208, 'Apizaco', 1, 29, 1),
	(1209, 'Huamantla', 1, 29, 1),
	(1210, 'Chiautempan', 1, 29, 1),
	(1211, 'Villa Vicente Guerrero', 1, 29, 1),
	(1272, 'Cosoleacaque', 1, 30, 1),
	(1273, 'Cuichapa', 1, 30, 1),
	(1274, 'Coatzacoalcos', 1, 30, 1),
	(1275, 'Agua dulce', 1, 30, 1),
	(1276, 'Minatitl n', 1, 30, 1),
	(1277, 'Las Choapas', 1, 30, 1),
	(1278, 'M‚rida', 1, 31, 1),
	(1279, 'Kanas¡n', 1, 31, 1),
	(1280, 'Motul de Carrillo Puerto', 1, 31, 1),
	(1281, 'Tizim¡n', 1, 31, 1),
	(1282, 'Valladolid', 1, 31, 1),
	(1283, 'Ticul', 1, 31, 1),
	(1284, 'Zacatecas', 1, 32, 1),
	(1285, 'Juan Aldama', 1, 32, 1),
	(1299, 'Villanueva', 1, 32, 1),
	(1300, 'Jalpa', 1, 32, 1),
	(1301, 'Nochistl n de Mej¡a', 1, 32, 1),
	(1302, 'Moyahua de Estrada', 1, 32, 1),
	(1303, 'Abbeville', 2, 33, 1),
	(1305, 'Bhopal', 3, 35, 1),
	(1306, 'Gwalior', 3, 35, 1),
	(1344, 'Talladega', 2, 33, 1),
	(1345, 'Fairhope', 2, 33, 1),
	(1346, 'Ozark	', 2, 33, 1),
	(1347, 'Alexander City', 2, 33, 1),
	(1348, 'Scottsboro', 2, 33, 1),
	(1349, 'Cullman', 2, 33, 1),
	(1350, 'Foley', 2, 33, 1),
	(1351, 'Millbrook', 2, 33, 1),
	(1382, 'Nome', 2, 37, 1),
	(1383, 'Big Lake', 2, 37, 1),
	(1384, 'Butte', 2, 37, 1),
	(1385, 'Kotzebue', 2, 37, 1),
	(1386, 'Petersburg', 2, 37, 1),
	(1387, 'Seward', 2, 37, 1),
	(1388, 'Ester', 2, 37, 1),
	(1389, 'Eielson AFB', 2, 37, 1),
	(1390, 'Cordova', 2, 37, 1),
	(1391, 'Wrangell	', 2, 37, 1),
	(1392, 'Ridgeway', 2, 37, 1),
	(1393, 'North Pole', 2, 37, 1),
	(1394, 'Dillingham', 2, 37, 1),
	(1395, 'Anchor Point', 2, 37, 1),
	(1442, 'Bhiwani', 3, 34, 1),
	(1450, 'Kurnool', 3, 34, 1),
	(1452, 'Gurgaon', 3, 34, 1),
	(1455, 'Alwar', 3, 135, 1),
	(1464, 'Kota', 3, 135, 1);
/*!40000 ALTER TABLE `city` ENABLE KEYS */;


-- Dumping structure for table ticketor.country
CREATE TABLE IF NOT EXISTS `country` (
  `id` int(11) NOT NULL auto_increment,
  `name` varchar(100) NOT NULL,
  `enabled` tinyint(1) default NULL,
  PRIMARY KEY  (`id`)
) ENGINE=InnoDB DEFAULT CHARSET=utf8;

-- Dumping data for table ticketor.country: ~3 rows (approximately)
/*!40000 ALTER TABLE `country` DISABLE KEYS */;
INSERT INTO `country` (`id`, `name`, `enabled`) VALUES
	(1, 'Mexico', 1),
	(2, 'United States', 1),
	(3, 'India', 1);
/*!40000 ALTER TABLE `country` ENABLE KEYS */;


-- Dumping structure for table ticketor.state
CREATE TABLE IF NOT EXISTS `state` (
  `id` int(11) NOT NULL auto_increment,
  `name` varchar(100) NOT NULL,
  `cid` int(11) NOT NULL,
  `enabled` tinyint(1) default NULL,
  PRIMARY KEY  (`id`),
  KEY `fk_country_id` (`cid`),
  CONSTRAINT `FK_state__country` FOREIGN KEY (`cid`) REFERENCES `country` (`id`)
) ENGINE=InnoDB DEFAULT CHARSET=utf8;

-- Dumping data for table ticketor.state: ~87 rows (approximately)
/*!40000 ALTER TABLE `state` DISABLE KEYS */;
INSERT INTO `state` (`id`, `name`, `cid`, `enabled`) VALUES
	(1, 'Aguascalientes', 1, 1),
	(2, 'Baja California', 1, 1),
	(3, 'Baja California Sur', 1, 1),
	(4, 'Campeche', 1, 1),
	(5, 'Coahuila de Zaragoza', 1, 1),
	(6, 'Colima', 1, 1),
	(7, 'Chiapas', 1, 1),
	(8, 'Chihuahua', 1, 1),
	(9, 'Distrito Federal', 1, 1),
	(10, 'Durango', 1, 1),
	(11, 'Guanajuato', 1, 1),
	(12, 'Guerrero', 1, 1),
	(13, 'Hidalgo', 1, 1),
	(14, 'Jalisco', 1, 1),
	(15, 'México', 1, 1),
	(16, 'Michoacán de Ocampo', 1, 1),
	(17, 'Morelos', 1, 1),
	(18, 'Nayarit', 1, 1),
	(19, 'Nuevo León', 1, 1),
	(20, 'Oaxaca', 1, 1),
	(21, 'Puebla', 1, 1),
	(22, 'Querétaro', 1, 1),
	(23, 'Quintana Roo', 1, 1),
	(24, 'San Luis Potosí', 1, 1),
	(25, 'Sinaloa', 1, 1),
	(26, 'Sonora', 1, 1),
	(27, 'Tabasco', 1, 1),
	(28, 'Tamaulipas', 1, 1),
	(29, 'Tlaxcala', 1, 1),
	(30, 'Veracruz de Ignacio de la Llave', 1, 1),
	(31, 'Yucatán', 1, 1),
	(32, 'Zacatecas', 1, 1),
	(33, 'Alabama', 2, 1),
	(34, 'Haryana', 3, 1),
	(35, 'Madhya Pradesh', 3, 1),
	(37, 'Alaska', 2, 1),
	(38, 'Arizona', 2, 1),
	(39, 'Arkansas', 2, 1),
	(40, 'California', 2, 1),
	(41, 'Colorado', 2, 1),
	(42, 'Connecticut', 2, 1),
	(43, 'Delaware', 2, 1),
	(44, 'Florida', 2, 1),
	(45, 'Georgia', 2, 1),
	(46, 'Hawaii', 2, 1),
	(47, 'Idaho', 2, 1),
	(48, 'Illinois', 2, 1),
	(49, 'Indiana', 2, 1),
	(50, 'Iowa', 2, 1),
	(51, 'Kansas', 2, 1),
	(52, 'Kentucky', 2, 1),
	(53, 'Louisiana', 2, 1),
	(54, 'Maine', 2, 1),
	(55, 'Maryland', 2, 1),
	(56, 'Massachusetts', 2, 1),
	(57, 'Michigan', 2, 1),
	(58, 'Minnesota', 2, 1),
	(59, 'Mississippi', 2, 1),
	(60, 'Missouri', 2, 1),
	(61, 'Montana', 2, 1),
	(62, 'Nebraska', 2, 1),
	(63, 'Nevada', 2, 1),
	(64, 'New Hampshire', 2, 1),
	(65, 'New Jersey', 2, 1),
	(66, 'New Mexico', 2, 1),
	(67, 'New York', 2, 1),
	(68, 'North Carolina', 2, 1),
	(69, 'North Dakota', 2, 1),
	(70, 'Ohio', 2, 1),
	(71, 'Oklahoma', 2, 1),
	(72, 'Oregon', 2, 1),
	(73, 'Pennsylvania', 2, 1),
	(74, 'Rhode Island', 2, 1),
	(75, 'South Carolina', 2, 1),
	(76, 'South Dakota', 2, 1),
	(77, 'Tennessee', 2, 1),
	(78, 'Texas', 2, 1),
	(79, 'Utah', 2, 1),
	(80, 'Vermont', 2, 1),
	(81, 'Virginia', 2, 1),
	(82, 'Washington', 2, 1),
	(83, 'West Virginia', 2, 1),
	(84, 'Wisconsin', 2, 1),
	(85, 'Wyoming', 2, 1),
	(135, 'Rajasthan', 3, 1),
	(151, 'New Delhi', 3, 1),
	(152, 'Assam', 3, 1);
/*!40000 ALTER TABLE `state` ENABLE KEYS */;


